itemcode,etfTabCode,itemname,nowVal,risefall,changeVal,changeRate,nav,threeMonthEarnRate,quant,amonut,marketSum
069500,1,KODEX 200,31605,5,-240,-0.75,31654.0,9.9126,2392354,75610,55182
357870,7,TIGER CD금리투자KIS(합성),51775,2,5,0.01,51779.0,0.9161,64608,3345,44988
423160,7,KODEX KOFR금리액티브(합성),101845,2,5,0.0,101850.0,0.8167,30106,3066,31260
371460,4,TIGER 차이나전기차SOLACTIVE,12270,2,125,1.03,12311.0,-14.1393,2437003,29812,30341
273130,6,KODEX 종합채권(AA-이상)액티브,103850,2,395,0.38,103829.0,5.0304,8138,843,24319
252670,3,KODEX 200선물인버스2X,3020,2,40,1.34,3026.0,-18.2442,123773558,373843,22886
310970,1,TIGER MSCI Korea TR,13010,5,-110,-0.84,13038.0,8.6992,1320,17,20868
278530,1,KODEX 200TR,10595,5,-85,-0.8,10606.0,9.933,274708,2908,20787
133690,4,TIGER 미국나스닥100,64395,2,785,1.23,64296.0,-8.1537,129256,8299,19396
122630,3,KODEX 레버리지,14565,5,-220,-1.49,14642.0,18.517,17180096,250205,18905
102110,1,TIGER 200,31635,5,-230,-0.72,31681.0,10.0158,451087,14255,18301
360750,4,TIGER 미국S&P500,12465,2,55,0.44,12458.0,-4.4797,767468,9536,16628
381180,4,TIGER 미국필라델피아반도체나스닥,9380,2,155,1.68,9379.0,9.107,481643,4501,14642
381170,4,TIGER 미국테크TOP10 INDXX,8490,2,130,1.56,8492.0,-16.2325,461564,3907,12922
102780,2,KODEX 삼성그룹,8785,5,-65,-0.73,8794.0,6.7551,133814,1174,12071
148020,1,KBSTAR 200,31765,5,-250,-0.78,31808.0,9.9491,154873,4910,12055
305540,2,TIGER 2차전지테마,17925,5,-70,-0.39,17935.0,-1.7473,605121,10857,11732
214980,6,KODEX 단기채권PLUS,105305,3,0,0.0,105312.0,1.0362,5958,627,11391
305720,2,KODEX 2차전지산업,18940,5,-115,-0.6,18957.0,-1.4737,947580,18000,11307
157450,6,TIGER 단기통안채,102260,2,10,0.01,102254.0,0.7786,31508,3221,10230
292150,2,TIGER TOP10,9875,5,-95,-0.95,9888.0,4.3432,93654,926,10171
233740,3,KODEX 코스닥150레버리지,6425,2,55,0.86,6453.0,-0.0785,12343819,79048,10145
448320,7,KODEX 23-12 은행채(AA+이상)액티브,10165,2,10,0.1,10163.0,,36465,370,9327
315930,2,KODEX Top5PlusTR,15400,5,-180,-1.16,15445.0,8.5714,8288,127,9148
278540,1,KODEX MSCI Korea TR,10365,5,-75,-0.72,10380.0,8.5239,70609,731,8416
385540,6,KBSTAR KIS종합채권(A-이상)액티브,96270,2,65,0.07,96460.0,5.4648,50,4,7982
153130,6,KODEX 단기채권,104725,2,10,0.01,104736.0,0.7989,1088527,114006,7476
114800,3,KODEX 인버스,4870,2,40,0.83,4869.0,-8.7819,20821190,101234,7398
139260,2,TIGER 200 IT,28120,5,-220,-0.78,28166.0,5.9954,30503,857,6974
152100,1,ARIRANG 200,32165,5,-235,-0.73,32222.0,9.8752,106433,3417,6739
196230,6,KBSTAR 단기통안채,106555,2,5,0.0,106559.0,0.7565,659061,70226,6253
091180,2,KODEX 자동차,16215,5,-185,-1.13,16243.0,3.6662,97832,1591,5773
229200,1,KODEX 코스닥150,9900,2,60,0.61,9931.0,1.2866,4388427,43369,5554
394670,4,TIGER 글로벌리튬&2차전지SOLACTIVE(합성),9000,2,50,0.56,9038.0,-14.64,47564,427,5177
293180,1,HANARO 200,31675,5,-245,-0.77,31722.0,9.959,30694,970,5116
329750,6,TIGER 미국달러단기채권액티브,10625,2,25,0.24,10637.0,-12.9578,122951,1304,4763
143850,4,TIGER 미국S&P500선물(H),46295,2,75,0.16,46302.0,9.2929,116562,5396,4745
272580,6,TIGER 단기채권액티브,51375,2,5,0.01,51371.0,1.0921,891,45,4737
360200,4,ACE 미국S&P500,12590,2,55,0.44,12584.0,-4.5098,161744,2027,4721
251350,4,KODEX 선진국MSCI World,19670,2,150,0.77,19590.0,-1.1896,14166,277,4711
294400,1,KOSEF 200TR,38550,5,-295,-0.76,38589.0,10.0113,64133,2465,4453
379800,4,KODEX 미국S&P500TR,11080,2,40,0.36,11078.0,-4.3742,289560,3195,4338
273140,6,KODEX 단기변동금리부채권액티브,105370,5,-15,-0.01,105396.0,0.8565,106,11,4199
448590,6,KBSTAR 23-11 회사채(AA-이상)액티브,51050,2,15,0.03,51027.0,,15362,784,4166
105190,1,ACE 200,31895,5,-225,-0.7,31930.0,10.0753,34675,1104,4162
356540,6,ACE 종합채권(AA-이상)KIS액티브,95075,2,410,0.43,95023.0,5.6882,9059,859,4132
371160,4,TIGER 차이나항셍테크,6195,2,40,0.65,6197.0,22.8542,778566,4801,3921
364980,2,TIGER KRX2차전지K-뉴딜,13745,5,-45,-0.33,13750.0,0.1088,490801,6757,3897
148070,6,KOSEF 국고채10년,111245,2,1085,0.98,110258.0,6.912,24014,2663,3882
367380,4,ACE 미국나스닥100,11065,2,140,1.28,11043.0,-8.1625,60249,662,3840
449170,6,TIGER KOFR금리액티브(합성),100435,2,5,0.0,100457.0,,1088,109,3735
314250,4,KODEX 미국FANG플러스(H),18330,2,310,1.72,18331.0,5.3185,81543,1491,3595
385550,6,KBSTAR KIS단기종합채권(AA-이상)액티브,102650,2,15,0.01,102650.0,1.3879,439,45,3585
379810,4,KODEX 미국나스닥100TR,9510,2,105,1.12,9497.0,-8.0646,131156,1243,3557
241180,4,TIGER 일본니케이225,15025,2,145,0.97,15045.0,-2.234,8477,128,3296
394660,4,TIGER 글로벌자율주행&전기차SOLACTIVE,9090,2,120,1.34,9086.0,-3.4446,48668,440,3196
251340,3,KODEX 코스닥150선물인버스,5425,5,-25,-0.46,5430.0,-2.6786,21280213,115691,3005
069660,1,KOSEF 200,31555,5,-260,-0.82,31606.0,9.9723,79201,2495,2903
226490,1,KODEX 코스피,24390,5,-135,-0.55,24451.0,8.5657,46218,1126,2829
367770,2,KBSTAR Fn수소경제테마,9480,5,-170,-1.76,9491.0,8.61,89336,848,2669
304940,4,KODEX 미국나스닥100선물(H),14335,2,125,0.88,14323.0,5.1424,138985,1990,2480
401470,2,KODEX K-메타버스액티브,7740,2,75,0.98,7762.0,6.0899,216857,1674,2457
329200,2,TIGER 리츠부동산인프라,4980,2,30,0.61,4995.0,11.4613,297708,1481,2373
295040,1,SOL 200TR,11015,5,-90,-0.81,11036.0,9.896,111,1,2363
451000,2,ARIRANG 종합채권(AA-이상)액티브,101270,5,-10,-0.01,101539.0,,1,0,2299
091170,2,KODEX 은행,7270,5,-130,-1.76,7291.0,32.0249,763446,5544,2286
290130,2,KBSTAR ESG사회책임투자,10505,5,-60,-0.57,10509.0,7.8061,31208,327,2269
192090,4,TIGER 차이나CSI300,10020,2,15,0.15,9990.0,0.07,40989,410,2189
368590,4,KBSTAR 미국나스닥100,10725,2,125,1.18,10708.0,-8.1138,107700,1150,2134
436140,6,SOL 종합채권(AA-이상)액티브,100405,2,450,0.45,100404.0,5.4488,16,1,2130
132030,5,KODEX 골드선물(H),12500,5,-85,-0.68,12514.0,14.5131,208304,2615,2113
091160,2,KODEX 반도체,24100,5,-55,-0.23,24142.0,-0.3302,105146,2525,2073
364960,2,TIGER KRX BBIG K-뉴딜,6885,2,5,0.07,6895.0,8.8607,56137,387,2052
447820,6,TIGER 24-10 회사채(A+이상)액티브,51650,2,95,0.18,51592.0,,28683,1480,2048
302450,1,KBSTAR 코스피,24545,5,-150,-0.61,24618.0,8.6449,277,6,2025
161510,2,ARIRANG 고배당주,12400,5,-80,-0.64,12432.0,14.6531,320791,3979,2020
190620,6,ACE 단기통안채,100350,2,5,0.0,100346.0,0.8046,191,19,1947
361580,1,KBSTAR 200TR,16680,5,-155,-0.92,16700.0,9.9967,2827,47,1943
379780,4,KBSTAR 미국S&P500,10885,2,50,0.46,10881.0,-4.4702,56382,611,1894
400970,2,TIGER Fn메타버스,7605,2,95,1.26,7614.0,11.9225,414074,3145,1882
414780,4,TIGER 차이나과창판STAR50(합성),7400,2,55,0.75,7533.0,-4.8576,19956,147,1861
409820,4,KODEX 미국나스닥100레버리지(합성 H),4340,2,75,1.76,4335.0,8.2487,819810,3543,1821
277630,1,TIGER 코스피,24655,5,-140,-0.56,24704.0,8.7643,9766,240,1775
228800,2,TIGER 여행레저,4455,2,85,1.95,4456.0,21.727,732450,3252,1740
385560,6,KBSTAR KIS국고채30년Enhanced,73610,2,1745,2.43,73808.0,16.3428,119012,8696,1700
332940,1,HANARO MSCI Korea TR,13020,5,-75,-0.57,13016.0,8.4921,41,0,1641
168580,4,ACE 중국본토CSI300,27180,2,50,0.18,27094.0,-0.5863,1112,30,1636
328370,1,ARIRANG 코스피TR,12420,5,-105,-0.84,12442.0,8.913,358013,4439,1627
275980,4,TIGER 글로벌4차산업혁신기술(합성 H),15030,2,110,0.74,15101.0,13.7628,12394,185,1626
329650,7,KODEX TRF3070,10885,2,10,0.09,10922.0,2.5459,22312,242,1567
363570,6,KODEX 장기종합채권(AA-이상)액티브KAP,88210,2,645,0.74,88122.0,8.0715,253,22,1564
332930,1,HANARO 200TR,38560,5,-280,-0.72,38588.0,9.966,60,2,1542
245710,4,ACE 베트남VN30(합성),17005,2,380,2.29,17050.0,-5.1897,74166,1256,1530
448310,6,KODEX 23-12 국고채액티브,10080,5,-5,-0.05,10084.0,,3889,39,1514
401170,2,KBSTAR iSelect메타버스,6925,2,55,0.8,6935.0,18.0412,192032,1329,1507
412770,4,TIGER 글로벌메타버스액티브,5975,2,145,2.49,5943.0,-5.7397,29553,175,1460
372330,4,KODEX 차이나항셍테크,6205,2,35,0.57,6214.0,22.9083,290392,1796,1455
326240,2,KBSTAR IT플러스,15290,5,-75,-0.49,15330.0,5.4926,515,7,1437
114260,6,KODEX 국고채3년,57125,2,100,0.18,57149.0,3.0634,1093,62,1390
182480,7,TIGER 미국MSCI리츠(합성 H),12585,2,85,0.68,12684.0,13.0301,19770,248,1372
252710,3,TIGER 200선물인버스2X,3180,2,50,1.6,3177.0,-18.0629,4606757,14640,1307
302190,6,TIGER 중장기국채,48835,2,310,0.64,48567.0,4.8735,1123,54,1289
261240,7,KODEX 미국달러선물,11135,2,30,0.27,11139.0,-13.0044,141518,1573,1259
150460,2,TIGER 중국소비테마,7180,2,75,1.06,7197.0,18.6143,26780,191,1245
232080,1,TIGER 코스닥150,10145,2,40,0.4,10190.0,1.5067,170036,1722,1215
143860,2,TIGER 헬스케어,25775,5,-40,-0.15,25810.0,2.1162,12303,317,1211
447780,7,TIGER 23-12 국공채액티브,201595,2,30,0.01,201590.0,,1194,240,1210
138540,2,TIGER 현대차그룹+펀더멘털,20880,5,-300,-1.42,20920.0,6.059,7639,160,1203
091230,2,TIGER 반도체,25005,5,-15,-0.06,25039.0,-0.8127,7073,176,1175
325010,2,KODEX Fn성장,12745,5,-65,-0.51,12746.0,7.647,59654,759,1147
438330,6,TIGER 투자등급회사채액티브,101425,2,245,0.24,101264.0,3.0451,186,18,1115
228810,2,TIGER 미디어컨텐츠,6910,2,125,1.84,6909.0,21.4861,97231,670,1113
304660,6,KODEX 미국채울트라30년선물(H),9165,2,100,1.1,9164.0,6.2719,209025,1907,1091
282000,3,KBSTAR 국고채3년선물인버스,104490,5,-340,-0.32,104555.0,-1.3968,2,0,1075
365780,6,ACE 국고채10년,87650,2,895,1.03,86854.0,6.8529,1861,162,1047
270810,1,KBSTAR 코스닥150,9795,2,15,0.15,9880.0,1.1375,422,4,1032
219480,4,KODEX 미국S&P500선물(H),19040,2,45,0.24,19052.0,9.6709,308692,5869,1019
419890,6,히어로즈 단기채권ESG액티브,100780,3,0,0.0,100795.0,1.5395,0,0,1018
283580,4,KODEX 차이나CSI300,12400,5,-25,-0.2,12412.0,0.2824,20412,252,992
305080,6,TIGER 미국채10년선물,11160,2,65,0.59,11157.0,-10.4882,60100,668,960
213610,2,KODEX 삼성그룹밸류,8635,5,-60,-0.69,8648.0,7.5448,392,3,958
422420,2,KBSTAR 2차전지액티브,9010,5,-35,-0.39,9012.0,-0.2207,105252,948,906
415340,4,KODEX 차이나과창판STAR50(합성),7515,2,90,1.21,7670.0,-4.1317,1857,13,902
130730,6,KOSEF 단기자금,101480,2,5,0.0,101478.0,1.0515,3902,395,900
448600,7,KBSTAR 25-11 회사채(AA-이상)액티브,52175,2,150,0.29,52123.0,,18572,968,886
448870,6,ACE 23-12 회사채(AA-이상)액티브,101875,2,30,0.03,101865.0,,26206,2669,885
144600,5,KODEX 은선물(H),4765,5,-45,-0.94,4774.0,30.3523,307728,1466,882
367760,2,KBSTAR Fn5G테크,8025,5,-10,-0.12,8036.0,8.6544,1333,10,879
245340,4,TIGER 미국다우존스30,20895,5,-135,-0.64,20898.0,-0.4921,7898,164,848
139220,2,TIGER 200 건설,2655,5,-35,-1.3,2659.0,9.7959,65100,172,826
261220,5,KODEX WTI원유선물(H),14770,2,250,1.72,14780.0,-6.9529,120078,1770,801
272560,6,KBSTAR 단기국공채액티브,103875,2,10,0.01,103881.0,1.2181,445,46,799
437350,6,KBSTAR 미국단기투자등급회사채액티브,9480,2,40,0.42,9496.0,-10.9434,757,7,792
411420,4,KODEX 미국메타버스나스닥액티브,5935,2,90,1.54,5913.0,-8.3138,54455,321,789
414270,4,ACE G2전기차&자율주행액티브,8400,2,65,0.78,8417.0,-5.5525,26800,224,781
267770,3,TIGER 200선물레버리지,11100,5,-170,-1.51,11114.0,18.8191,216781,2407,766
309230,4,ACE 미국WideMoat가치주,17675,2,190,1.09,17605.0,2.1618,4653,81,760
266160,2,KBSTAR 고배당,11710,5,-100,-0.85,11710.0,12.2516,8065,94,749
123310,3,TIGER 인버스,5430,2,35,0.65,5437.0,-8.7141,1626916,8847,749
195980,4,ARIRANG 신흥국MSCI(합성 H),9515,2,65,0.69,9489.0,16.6666,14699,139,748
397410,6,KBSTAR 국채선물5년추종인버스,53480,5,-285,-0.53,53513.0,-2.5644,5,0,744
439870,6,KODEX 국고채30년액티브,100600,2,1575,1.59,100678.0,12.9777,626,62,742
139280,2,TIGER 경기방어,9250,2,5,0.05,9278.0,7.6251,4434,41,729
419430,4,KODEX 차이나2차전지MSCI(합성),8550,2,50,0.59,8657.0,-9.6706,19822,168,718
278240,3,KBSTAR 코스닥150선물레버리지,6935,2,15,0.22,6975.0,1.1695,6169,42,712
325020,2,KODEX 배당가치,11945,5,-125,-1.04,11973.0,11.0293,543,6,705
364970,2,TIGER KRX바이오K-뉴딜,5855,5,-20,-0.34,5860.0,1.2058,258387,1512,700
395170,2,KODEX Fn Top10동일가중,7085,5,-50,-0.7,7097.0,3.9329,69174,489,680
114820,6,TIGER 국채3년,106535,2,290,0.27,106624.0,3.1264,9603,1023,671
407310,1,HANARO 200 TOP10,7520,5,-25,-0.33,7518.0,3.7113,68,0,669
322400,2,HANARO e커머스,12160,2,40,0.33,12172.0,14.3935,49,0,669
437080,6,KODEX 미국종합채권SRI액티브(H),97600,2,445,0.46,97693.0,5.2258,551,53,667
204480,4,TIGER 차이나CSI300레버리지(합성),20660,2,225,1.1,20997.0,-5.3936,13273,272,665
195930,4,TIGER 유로스탁스50(합성 H),14610,2,85,0.59,14571.0,24.0392,48710,709,665
228790,2,TIGER 화장품,2440,2,15,0.62,2436.0,36.2359,710815,1725,658
174360,4,KBSTAR 중국본토대형주CSI100,18275,2,35,0.19,18261.0,-0.8696,1762,32,658
152870,1,파워 200,32050,5,-170,-0.53,32050.0,10.0259,51,1,657
385510,2,KODEX K-신재생에너지액티브,10550,5,-125,-1.17,10553.0,-0.559,67040,708,649
157490,2,TIGER 소프트웨어,9550,2,70,0.74,9569.0,20.9183,86694,828,646
390390,4,KODEX 미국반도체MV,9725,2,160,1.67,9734.0,10.7701,19319,186,637
225040,4,TIGER 미국S&P500레버리지(합성 H),24075,2,55,0.23,24103.0,18.7639,26945,644,636
200250,4,KOSEF 인도Nifty50(합성),18420,2,150,0.82,18366.0,-7.1883,28985,532,626
298770,4,KODEX 한국대만IT프리미어,16380,2,15,0.09,16108.0,6.094,16938,275,622
261250,7,KODEX 미국달러선물레버리지,11045,2,70,0.64,11049.0,-25.3148,303710,3347,612
139230,2,TIGER 200 중공업,2860,5,-50,-1.72,2864.0,7.9777,186279,534,609
204450,4,KODEX 차이나H레버리지(H),2605,2,20,0.77,2603.0,55.2552,389477,1007,607
245360,4,TIGER 차이나HSCEI,9625,2,125,1.32,9637.0,11.8699,6427,61,606
371470,4,TIGER 차이나바이오테크SOLACTIVE,7985,5,-30,-0.37,8036.0,5.3911,11779,93,604
269540,4,ARIRANG 미국S&P500(H),16735,2,65,0.39,16709.0,7.2715,7308,121,602
448880,6,ACE 24-12 회사채(AA-이상)액티브,103255,2,55,0.05,103238.0,,5071,523,586
390950,6,HANARO 단기채권액티브,101965,3,0,0.0,101974.0,0.7758,0,0,586
388280,2,KBSTAR Fn컨택트대표,8230,2,65,0.8,8253.0,14.4358,2031,16,586
417630,2,TIGER KEDI혁신기업ESG30,9380,5,-10,-0.11,9396.0,10.4705,63352,594,577
152380,6,KODEX 국채선물10년,64495,2,570,0.89,64483.0,6.5416,46560,2993,561
117700,2,KODEX 건설,2800,5,-30,-1.06,2799.0,8.4291,61472,172,546
271050,5,KODEX WTI원유선물인버스(H),4725,5,-75,-1.56,4720.0,3.3369,800896,3783,540
396500,2,TIGER Fn반도체TOP10,7070,5,-50,-0.7,7082.0,3.639,123371,871,534
402970,4,ACE 미국고배당S&P,10555,5,-35,-0.33,10537.0,-1.6257,141424,1484,528
448490,6,HANARO 32-10 국고채액티브,52635,2,595,1.14,52651.0,,1254,65,526
359210,1,KODEX 코스피TR,11375,5,-100,-0.87,11406.0,9.1817,6071,69,523
397420,6,KBSTAR 국채선물5년추종,48175,2,185,0.39,48181.0,4.0095,2,0,523
354350,4,HANARO 글로벌럭셔리S&P(합성),17345,2,165,0.96,17387.0,9.8114,3969,68,522
315960,2,KBSTAR 대형고배당10TR,14045,5,-200,-1.4,14068.0,7.7534,550,7,506
432600,6,KBSTAR 국채선물3년,51360,2,115,0.22,51357.0,2.8499,5,0,500
169950,4,KODEX 차이나A50,19945,3,0,0.0,19918.0,-0.0502,1280,25,499
261260,7,KODEX 미국달러선물인버스2X,7735,5,-55,-0.71,7747.0,31.922,350097,2718,492
276970,4,KODEX 미국S&P500배당귀족커버드콜(합성 H),9410,3,0,0.0,9413.0,14.8401,2032,19,489
099140,4,KODEX 차이나H,16840,2,110,0.66,16863.0,12.2442,4302,72,488
423920,4,TIGER 미국필라델피아반도체레버리지(합성),7490,2,205,2.81,7493.0,14.1849,175388,1303,477
395750,2,ARIRANG ESG가치주액티브,7450,5,-50,-0.67,7455.0,7.3729,385,2,477
136340,6,KBSTAR 중기우량회사채,102910,2,65,0.06,102947.0,3.0056,204,20,466
411060,5,ACE KRX금현물,10950,5,-25,-0.23,10913.0,0.2283,36224,396,460
400570,4,KODEX 유럽탄소배출권선물ICE(H),12035,2,170,1.43,12182.0,11.0955,53177,640,460
387270,4,TIGER 글로벌BBIG액티브,9170,2,55,0.6,9223.0,-5.1016,11813,107,454
233160,3,TIGER 코스닥150 레버리지,7015,2,70,1.01,7040.0,-0.6438,71741,502,442
371450,4,TIGER 글로벌클라우드컴퓨팅INDXX,7655,2,90,1.19,7648.0,-3.9975,4886,37,435
437070,6,KODEX 아시아달러채권SRI플러스액티브,47595,2,495,1.05,47455.0,-8.5881,3020,143,427
363510,6,SOL KIS단기통안채,102300,3,0,0.0,102309.0,0.7782,2,0,422
123320,3,TIGER 레버리지,14080,5,-220,-1.54,14095.0,19.3656,46204,651,422
336160,6,KBSTAR 금융채액티브,100320,2,95,0.09,100358.0,3.426,61,6,422
439860,6,KODEX ESG종합채권(A-이상)액티브,101540,3,0,0.0,101732.0,3.3538,0,0,420
284430,6,KODEX 200미국채혼합,11655,3,0,0.0,11625.0,-2.4687,39913,463,420
368190,2,HANARO Fn K-뉴딜디지털플러스,8265,5,-40,-0.48,8288.0,6.748,50,0,417
122260,6,KOSEF 통안채1년,101640,3,0,0.0,101639.0,1.1756,318,32,417
102970,2,KODEX 증권,6385,3,0,0.0,6398.0,22.6705,71505,455,415
295020,6,KBSTAR 국채선물10년인버스,52555,5,-540,-1.02,52602.0,-5.1452,14,0,406
117680,2,KODEX 철강,8245,5,-100,-1.2,8262.0,11.1925,20879,172,404
203780,4,TIGER 미국나스닥바이오,19975,2,200,1.01,19976.0,-3.4896,1433,28,403
440640,6,ACE 단기채권알파액티브,101240,2,20,0.02,101233.0,1.22,85,8,396
365000,2,TIGER KRX인터넷K-뉴딜,4750,5,-20,-0.42,4754.0,26.5251,69584,330,394
433330,4,SOL 미국S&P500,10360,2,60,0.58,10339.0,-4.4527,16285,167,394
385520,2,KODEX K-미래차액티브,8620,5,-40,-0.46,8616.0,1.2273,2260,19,392
407830,4,에셋플러스 글로벌플랫폼액티브,5130,2,155,3.12,5119.0,-16.2458,26570,134,385
108450,2,ACE 삼성그룹섹터가중,14770,5,-120,-0.81,14796.0,7.3153,2206,32,384
256440,4,ACE 인도네시아MSCI(합성),10010,2,20,0.2,9844.0,-10.1215,33769,336,380
429000,4,TIGER 미국S&P500배당귀족,9950,2,35,0.35,9931.0,-1.1762,11856,117,378
256750,4,KODEX 차이나심천ChiNext(합성),11035,5,-35,-0.32,11183.0,-4.7742,5253,57,375
363580,2,KODEX 200IT TR,10715,5,-95,-0.88,10730.0,6.1364,1118,11,375
261120,7,TIGER 미국달러선물인버스2X,7685,5,-65,-0.84,7709.0,31.8027,5250,40,369
261270,7,KODEX 미국달러선물인버스,9160,5,-35,-0.38,9180.0,15.4425,29791,273,365
387280,2,TIGER 퓨처모빌리티액티브,8380,5,-30,-0.36,8443.0,-1.7524,4284,35,365
385720,1,TIMEFOLIO Kstock액티브,7850,5,-30,-0.38,7880.0,4.44,377,2,361
446720,2,SOL 미국배당다우존스,9470,5,-40,-0.42,9462.0,,1103340,10387,360
396510,4,TIGER 차이나클린에너지SOLACTIVE,8800,2,85,0.98,8875.0,-13.5846,9365,81,359
114470,6,KOSEF 국고채3년,108290,2,210,0.19,108377.0,3.1908,16074,1742,357
130680,5,TIGER 원유선물Enhanced(H),4470,2,75,1.71,4472.0,-6.5888,56030,250,351
337160,2,KODEX 200ESG,11670,5,-100,-0.85,11668.0,8.8806,1770,20,350
300640,2,KBSTAR 게임테마,10755,2,95,0.89,10752.0,12.4472,6065,65,350
138230,7,KOSEF 미국달러선물,13230,2,35,0.27,13243.0,-12.8756,3092,40,336
244580,2,KODEX 바이오,7590,5,-20,-0.26,7601.0,2.7683,24868,188,334
341850,7,TIGER 리츠부동산인프라채권TR KIS,5045,2,40,0.8,5055.0,8.4977,2173,10,333
411540,1,SOL 200 Top10,7655,5,-70,-0.91,7684.0,4.0404,336,2,329
448290,4,TIGER 미국S&P500TR(H),9825,2,15,0.15,9819.0,,113304,1109,329
319640,4,TIGER 골드선물(H),13380,5,-90,-0.67,13390.0,14.3949,42018,564,321
441640,4,KODEX 미국배당프리미엄액티브,9690,2,20,0.21,9705.0,-4.0008,150905,1454,320
266370,2,KODEX IT,15580,5,-125,-0.8,15611.0,2.7141,2629,40,312
365040,1,TIGER AI코리아그로스액티브,11055,5,-80,-0.72,11089.0,10.796,123,1,310
252420,3,KBSTAR 200선물인버스2X,3005,2,35,1.18,3012.0,-17.9559,167462,503,307
394350,4,KOSEF 릭소글로벌퓨처모빌리티MSCI,8940,2,40,0.45,9006.0,-5.5202,4126,36,304
434960,1,대신343 K200,31945,3,0,0.0,31761.0,10.0337,0,0,303
295000,6,KBSTAR 국채선물10년,51375,2,475,0.93,51351.0,6.4964,329,16,299
304780,3,HANARO 200선물레버리지,16050,5,-250,-1.53,16070.0,18.3732,531,8,297
381560,2,HANARO Fn전기&수소차,7900,5,-110,-1.37,7930.0,6.8569,2989,23,296
266420,2,KODEX 헬스케어,11290,5,-15,-0.13,11329.0,2.4932,20953,236,294
376410,2,TIGER 탄소효율그린뉴딜,7705,5,-55,-0.71,7732.0,8.5922,303,2,293
248270,4,TIGER S&P글로벌헬스케어(합성),19195,2,85,0.44,19218.0,-3.994,1324,25,292
326230,2,KBSTAR 내수주플러스,8070,5,-20,-0.25,8110.0,11.4325,7,0,291
210780,2,TIGER 코스피고배당,13955,5,-50,-0.36,13967.0,11.9952,1012,14,289
391600,4,ACE 미국친환경그린테마INDXX,10165,2,165,1.65,10165.0,-0.6952,3370,34,285
332620,6,ARIRANG 미국장기우량회사채,85550,2,615,0.72,85007.0,-1.2729,592,50,282
399110,4,SOL 미국S&P500ESG,9700,2,45,0.47,9684.0,-4.51,1161,11,281
441680,7,TIGER 미국나스닥100커버드콜(합성),9020,2,70,0.78,9034.0,-5.0398,65197,586,280
279530,2,KODEX 고배당,9580,5,-55,-0.57,9599.0,7.774,4538,43,278
114460,6,ACE 국고채3년,102645,2,190,0.19,102742.0,3.0661,10,1,277
332500,1,ACE 200TR,19765,5,-165,-0.83,19811.0,9.8071,632,12,277
292190,1,KODEX KRX300,14560,5,-110,-0.75,14603.0,9.3551,745,10,277
448300,4,TIGER 미국나스닥100TR(H),9700,2,75,0.78,9693.0,,232566,2247,272
218420,4,KODEX 미국S&P500에너지(합성),12910,2,140,1.1,13122.0,-4.4877,27927,360,269
418660,4,TIGER 미국나스닥100레버리지(합성),6610,2,150,2.32,6594.0,-19.7017,87477,572,268
137610,5,TIGER 농산물선물Enhanced(H),7745,2,140,1.84,7805.0,-3.7342,15343,118,263
217780,4,TIGER 차이나CSI300인버스(합성),8180,3,0,0.0,8186.0,-1.5052,724,5,262
310960,1,TIGER 200TR,17205,5,-185,-1.06,17259.0,10.0632,1389,23,258
445910,2,TIGER MKF배당귀족,11165,3,0,0.0,11178.0,,1283,14,257
266360,2,KODEX 미디어&엔터테인먼트,13340,2,50,0.38,13365.0,20.3259,49245,656,253
404260,2,KODEX KRX기후변화솔루션,8955,5,-80,-0.89,8988.0,3.553,1457,13,251
269420,4,KODEX S&P글로벌인프라(합성),13930,2,200,1.46,13870.0,1.3284,3339,46,250
243880,2,TIGER 200IT레버리지,32080,5,-625,-1.91,32194.0,9.3264,2712,87,249
375770,2,KODEX 탄소효율그린뉴딜,7755,5,-75,-0.96,7790.0,8.6745,194,1,248
304770,1,HANARO 코스닥150,9910,2,65,0.66,9921.0,1.3381,48,0,248
138520,2,TIGER 삼성그룹펀더멘털,10720,5,-40,-0.37,10735.0,8.7308,1209,12,244
227540,2,TIGER 200 헬스케어,16480,5,-55,-0.33,16477.0,3.2792,3585,59,244
160580,5,TIGER 구리실물,10245,2,75,0.74,10309.0,3.8284,3187,32,241
287180,4,ARIRANG 미국나스닥테크,18360,2,270,1.49,18268.0,-3.7766,2788,50,239
447770,7,TIGER 테슬라채권혼합Fn,9125,2,260,2.93,9071.0,,113226,1028,237
217770,5,TIGER 원유선물인버스(H),3225,5,-60,-1.83,3221.0,1.7027,284760,918,237
280930,4,KODEX 미국러셀2000(H),12075,2,45,0.37,12042.0,10.0137,11499,138,235
332610,6,ARIRANG 미국단기우량회사채,102120,2,460,0.45,102311.0,-12.6145,31,3,235
377990,2,TIGER Fn신재생에너지,8990,5,-155,-1.69,8996.0,6.7717,42740,384,234
404540,2,TIGER KRX기후변화솔루션,8960,5,-95,-1.05,8987.0,2.3626,107,0,233
385590,2,ACE ESG액티브,7030,5,-60,-0.85,7050.0,10.4361,395,2,232
445290,2,KODEX K-로봇액티브,10920,2,95,0.88,10955.0,,78795,855,229
337140,2,KODEX 코스피대형주,11430,5,-120,-1.04,11483.0,8.0954,65,0,229
219390,4,KBSTAR 미국S&P원유생산기업(합성 H),6385,2,120,1.92,6438.0,0.8856,22588,143,227
400590,4,SOL 글로벌탄소배출권선물IHS(합성),11210,2,160,1.45,11253.0,-3.1127,13125,146,224
438570,6,SOL 국고채10년,104145,2,795,0.77,104204.0,7.254,288,29,216
388420,2,KBSTAR 비메모리반도체액티브,7330,2,15,0.21,7344.0,6.0144,13112,95,214
329660,7,KODEX TRF5050,11880,2,155,1.32,11845.0,0.4712,218,2,214
364990,2,TIGER KRX게임K-뉴딜,6265,2,45,0.72,6273.0,19.9614,133861,842,213
385600,2,ACE 친환경자동차밸류체인액티브,8520,5,-50,-0.58,8552.0,-1.5509,889,7,213
292560,7,TIGER 일본엔선물,9255,5,-100,-1.07,9246.0,-0.9529,136592,1269,213
237370,7,KODEX 배당성장채권혼합,11640,2,20,0.17,11625.0,5.1108,1338,15,210
396520,4,TIGER 차이나반도체FACTSET,6520,2,25,0.38,6567.0,-2.3309,4813,31,209
236350,4,TIGER 인도니프티50레버리지(합성),23165,2,295,1.29,23428.0,-18.6121,3164,73,208
117460,2,KODEX 에너지화학,14815,5,-85,-0.57,14811.0,4.9665,13446,198,207
308620,6,KODEX 미국채10년선물,10910,2,55,0.51,10909.0,-10.6952,17543,190,207
277540,4,ACE 아시아TOP50S&P,12485,2,50,0.4,12500.0,11.8758,326,4,206
329670,7,KODEX TRF7030,12850,2,165,1.3,12786.0,0.0394,1295,16,206
440340,7,TIGER 글로벌멀티에셋TIF액티브,9305,2,65,0.7,9290.0,-6.695,1982,18,205
448330,1,KODEX 삼성전자채권혼합Wise,10060,3,0,0.0,10080.0,,79639,798,201
276650,4,KBSTAR 글로벌4차산업IT(합성 H),17220,2,50,0.29,17178.0,11.8566,656,11,198
445150,2,KODEX K-친환경선박액티브,9730,5,-110,-1.12,9771.0,,1135,11,195
395290,2,HANARO Fn K-POP&미디어,8055,2,95,1.19,8061.0,23.6024,2916,23,189
426150,6,WOORI 대한민국국고채액티브,51050,2,345,0.68,51117.0,7.0403,252,12,189
252400,3,KBSTAR 200선물레버리지,13330,5,-195,-1.44,13338.0,18.4844,9137,121,187
265690,4,ACE 러시아MSCI(합성),10070,3,0,0.0,517.0,0.0,0,0,186
360140,2,KODEX 200롱코스닥150숏선물,11430,5,-115,-1.0,11440.0,7.3953,72,0,183
227570,2,TIGER 우량가치,11210,5,-65,-0.58,11225.0,14.8751,5008,56,182
114100,6,KBSTAR 국고채3년,108690,2,225,0.21,108794.0,3.0781,677,73,178
211900,2,KODEX 배당성장,13175,3,0,0.0,13182.0,11.0876,4053,53,178
449450,2,ARIRANG K방산Fn,9825,5,-260,-2.58,9848.0,,308148,3039,177
435420,7,TIGER 미국나스닥100TR채권혼합Fn,10020,2,90,0.91,10019.0,0.2523,9348,93,175
252410,3,KBSTAR 200선물인버스,6250,2,50,0.81,6247.0,-8.7565,5126,31,175
385710,2,TIMEFOLIO 이노베이션액티브,7275,2,30,0.41,7308.0,4.5454,9016,65,175
139270,2,TIGER 200 금융,6945,5,-75,-1.07,6963.0,28.8073,12050,83,174
237350,1,KODEX 코스피100,24370,5,-195,-0.79,24450.0,9.2992,2171,52,171
251590,2,ARIRANG 고배당저변동50,11355,5,-40,-0.35,11359.0,10.203,634,7,170
213630,4,ARIRANG 미국다우존스고배당주(합성 H),16370,5,-105,-0.64,16472.0,13.0748,1823,29,169
266410,2,KODEX 필수소비재,7635,5,-25,-0.33,7642.0,18.0277,6603,50,168
300950,2,KODEX 게임산업,8380,2,80,0.96,8385.0,16.573,10511,88,168
140700,2,KODEX 보험,7560,2,15,0.2,7580.0,21.3022,71293,537,166
276990,4,KODEX 글로벌4차산업로보틱스(합성),14985,2,230,1.56,14964.0,4.9804,2901,43,164
122090,1,ARIRANG 코스피50,21835,5,-200,-0.91,21834.0,9.8071,19770,431,164
245350,4,TIGER 유로스탁스배당30,11545,3,0,0.0,11572.0,11.0523,861,9,162
395760,2,ARIRANG ESG성장주액티브,7220,5,-45,-0.62,7221.0,6.1358,43,0,159
230480,7,KOSEF 미국달러선물인버스2X,6800,5,-45,-0.66,6807.0,31.8882,31021,211,158
412570,2,TIGER KRX2차전지K-뉴딜레버리지,5905,5,-40,-0.67,5921.0,-3.7247,141144,834,154
407820,2,에셋플러스 코리아플랫폼액티브,6395,2,115,1.83,6400.0,16.9459,4834,30,153
352560,7,KODEX 다우존스미국리츠(H),12260,2,75,0.62,12308.0,13.7934,11560,141,153
223190,2,KODEX 200가치저변동,9555,5,-65,-0.68,9591.0,12.977,78677,750,153
395280,2,HANARO Fn K-게임,5085,2,40,0.79,5083.0,15.977,7514,38,153
289040,2,KODEX MSCI KOREA ESG유니버설,9515,5,-65,-0.68,9560.0,10.0516,9,0,152
276000,4,TIGER 글로벌자원생산기업(합성 H),16820,2,145,0.87,16743.0,16.1616,2975,50,151
271060,5,KODEX 3대농산물선물(H),12855,2,280,2.23,12883.0,-4.1175,7170,91,150
289260,2,TIGER MSCI KOREA ESG리더스,8445,5,-90,-1.05,8441.0,8.4498,46,0,147
449180,4,KODEX 미국S&P500(H),9790,2,10,0.1,9789.0,,78849,771,147
182490,6,TIGER 단기선진하이일드(합성 H),12205,2,20,0.16,12193.0,6.7455,108,1,146
181480,7,ACE 미국다우존스리츠(합성 H),81115,2,75,0.09,81049.0,15.7879,35,2,146
292730,1,FOCUS KRX300,14575,5,-135,-0.92,14658.0,9.0033,1,0,146
225800,7,KOSEF 미국달러선물레버리지,10540,2,60,0.57,10546.0,-25.223,48540,510,145
449190,4,KODEX 미국나스닥100(H),9600,2,65,0.68,9606.0,,81647,782,144
139250,2,TIGER 200 에너지화학,15315,5,-160,-1.03,15351.0,6.5331,1972,30,144
168300,1,KTOP 코스피50,22150,5,-90,-0.4,22131.0,9.5566,857,18,143
300610,2,TIGER K게임,9110,2,55,0.61,9124.0,12.2752,27097,246,141
140710,2,KODEX 운송,5020,2,45,0.9,5036.0,15.6976,39688,199,141
438320,4,TIGER 차이나항셍테크레버리지(합성 H),10080,2,130,1.31,10092.0,80.7447,204491,2046,140
354500,1,ACE 코스닥150,9945,5,-5,-0.05,9971.0,3.002,463,4,139
183700,7,KBSTAR 채권혼합,57645,5,-290,-0.5,57823.0,5.4302,4,0,138
428560,4,KODEX 미국ETF산업Top10 Indxx,11065,2,125,1.14,11067.0,6.0077,5788,63,138
399580,4,KBSTAR 글로벌클린에너지S&P,9810,2,55,0.56,9816.0,3.2275,7323,71,137
250730,4,KBSTAR 차이나HSCEI(H),8530,5,-80,-0.93,8604.0,28.8922,2748,23,136
395160,2,KODEX Fn시스템반도체,7135,2,10,0.14,7136.0,7.8728,6387,45,136
241390,7,KBSTAR V&S셀렉트밸류채권혼합,11225,5,-80,-0.71,11278.0,7.2072,122,1,135
442260,1,마이티 다이나믹퀀트액티브,10710,5,-125,-1.15,10744.0,,29902,320,133
211560,2,TIGER 배당성장,16260,5,-45,-0.28,16320.0,10.6924,143,2,132
102960,2,KODEX 기계장비,5175,5,-65,-1.24,5174.0,5.01,10663,55,130
279540,2,KODEX 최소변동성,10855,3,0,0.0,10867.0,11.7344,0,0,130
422260,2,VITA MZ소비액티브,7660,2,80,1.06,7728.0,10.2545,89649,686,130
138910,5,KODEX 구리선물(H),7555,2,180,2.44,7563.0,20.4081,13797,104,128
253290,7,KBSTAR 헬스케어채권혼합,10670,3,0,0.0,10670.0,3.0121,1836,19,128
250780,3,TIGER 코스닥150선물인버스,5565,5,-30,-0.54,5565.0,-2.611,64602,360,128
404120,2,TIMEFOLIO 탄소중립액티브,8520,3,0,0.0,8525.0,4.1564,4021,34,128
421320,2,ARIRANG 우주항공&UAM iSelect,9460,5,-145,-1.51,9460.0,13.2665,12164,115,128
200030,4,KODEX 미국S&P500산업재(합성),22095,2,10,0.05,22026.0,3.2974,888,19,127
238720,4,ACE 일본Nikkei225(H),18010,2,405,2.3,18020.0,-1.8947,27117,482,126
139240,2,TIGER 200 철강소재,8455,5,-65,-0.76,8477.0,12.3269,693,5,125
252000,1,TIGER 200동일가중,10870,3,0,0.0,10830.0,14.6624,0,0,125
411720,4,KBSTAR 글로벌메타버스Moorgate,7110,2,5,0.07,7121.0,4.2553,98,0,124
434060,7,KODEX TDF2050액티브,10290,2,70,0.68,10284.0,0.7889,4007,41,123
310080,4,KBSTAR 중국MSCI China(H),9430,2,5,0.05,9378.0,31.0848,4666,43,123
251600,7,ARIRANG 고배당주채권혼합,11065,5,-15,-0.14,11058.0,7.4163,1361,15,122
174350,2,TIGER 로우볼,12140,3,0,0.0,12169.0,12.3553,90,1,121
445690,2,BNK 주주가치액티브,11010,5,-50,-0.45,11020.0,,2588,28,121
185680,4,KODEX 미국S&P바이오(합성),23435,5,-165,-0.7,23515.0,-3.4568,1006,23,121
400580,4,SOL 유럽탄소배출권선물S&P(H),12015,2,220,1.87,11731.0,9.0614,2612,31,120
441800,4,TIMEFOLIO Korea플러스배당액티브,10310,5,-45,-0.43,10321.0,8.7139,7275,74,120
253160,3,ARIRANG 200선물인버스2X,6105,2,90,1.5,6100.0,-18.0518,79781,486,119
337150,2,KODEX 200exTOP,10790,5,-105,-0.96,10825.0,10.553,14,0,119
167860,6,KOSEF 국고채10년레버리지,107825,2,675,0.63,107749.0,13.2963,1657,178,119
360150,2,KODEX 코스닥150롱코스피200숏선물,7895,2,100,1.28,7896.0,-7.0364,34207,269,118
225130,4,ACE 골드선물 레버리지(합성 H),16905,5,-175,-1.02,16969.0,28.1801,5917,100,118
225050,4,TIGER 유로스탁스레버리지(합성 H),9055,2,120,1.34,9130.0,46.5955,2433,21,118
195970,4,ARIRANG 선진국MSCI(합성 H),10725,3,0,0.0,10722.0,23.0636,15923,170,114
419420,4,KODEX 미국클린에너지나스닥,8635,2,250,2.98,8685.0,-13.1089,10695,91,112
306950,3,KODEX KRX300레버리지,11125,5,-175,-1.55,11215.0,16.8562,986,10,111
139660,7,KOSEF 미국달러선물인버스,9550,5,-40,-0.42,9560.0,15.6118,77822,746,111
438560,6,SOL 국고채3년,102125,2,255,0.25,102142.0,3.1125,683,69,110
272570,6,KBSTAR 중장기국공채액티브,100220,5,-105,-0.1,100180.0,4.5923,75,7,110
239660,6,ARIRANG 우량회사채50 1년,110210,2,40,0.04,110216.0,1.6187,1393,153,110
138530,2,TIGER LG그룹+펀더멘털,8760,5,-55,-0.62,8781.0,8.2923,269,2,109
448570,1,FOCUS AI코리아액티브,10200,5,-30,-0.29,10199.0,,1,0,107
253150,3,ARIRANG 200선물레버리지,26675,5,-415,-1.53,26701.0,18.6336,5109,135,107
401590,4,HANARO 글로벌탄소배출권선물ICE(합성),10600,2,215,2.07,10639.0,-7.1525,10467,110,106
140950,1,파워 코스피100,23970,5,-160,-0.66,23986.0,-13.189,43,1,105
196030,4,ACE 일본TOPIX레버리지(H),20965,2,665,3.28,20973.0,3.0718,16768,345,105
411050,4,ACE 글로벌메타버스테크액티브,6125,2,60,0.99,6215.0,-2.0985,315,1,104
316670,1,KOSEF 코스닥150,4935,2,5,0.1,4934.0,1.9648,46,0,104
252650,1,KODEX 200동일가중,10360,5,-65,-0.62,10384.0,13.3152,4,0,104
292160,1,TIGER KRX300,14760,2,50,0.34,14607.0,9.817,1,0,103
195920,4,TIGER 일본TOPIX(합성 H),16140,2,160,1.0,16234.0,1.9457,21975,353,103
430500,7,KOSEF 물가채KIS,103070,2,600,0.59,103306.0,5.0909,143,14,103
442090,2,에셋플러스 코리아대장장이액티브,9315,2,50,0.54,9318.0,4.6301,1915,17,102
292500,1,SOL KRX300,14625,5,-225,-1.52,14603.0,11.8138,2,0,102
291130,4,ACE 멕시코MSCI(합성),12655,5,-65,-0.51,12662.0,9.892,88,1,101
261110,7,TIGER 미국달러선물레버리지,11200,2,55,0.49,11220.0,-24.6705,2472,27,101
449540,6,SOL 24-06 국고채액티브,100655,2,140,0.14,100714.0,,232,23,101
413220,4,SOL 차이나태양광CSI(합성),8345,2,40,0.48,8437.0,-13.3994,7071,58,100
368680,2,KODEX Fn K-뉴딜디지털플러스,8280,5,-60,-0.72,8331.0,5.9047,20,0,99
449770,4,KOSEF 미국S&P500,9905,2,50,0.51,9888.0,,1349,13,99
229720,1,KODEX KTOP30,16500,5,-155,-0.93,16511.0,10.3345,77,1,99
354240,7,KBSTAR 미국고정배당우선증권ICE TR,9890,2,135,1.38,9843.0,-6.4269,3990,39,99
433970,7,KODEX TDF2030액티브,10335,2,65,0.63,10335.0,4.0,13129,135,98
395150,2,KODEX Fn웹툰&드라마,5775,2,70,1.23,5786.0,27.0601,12989,75,98
433220,4,에셋플러스 글로벌대장장이액티브,9610,2,120,1.26,9602.0,-6.1326,145,1,98
409810,4,KODEX 미국나스닥100선물인버스(H),13025,5,-100,-0.76,13038.0,-6.3838,61918,807,98
446700,2,KBSTAR 배터리 리사이클링iSelect,9560,5,-60,-0.62,9580.0,,12977,124,98
104530,2,KOSEF 고배당,9250,5,-50,-0.54,9259.0,18.6981,5109,47,97
390400,4,KODEX 미국스마트모빌리티S&P,6035,2,140,2.37,6012.0,-5.0725,8215,48,97
433500,2,ACE 원자력테마딥서치,10720,5,-165,-1.52,10737.0,11.4695,16264,174,96
435040,4,ACE 글로벌브랜드TOP10블룸버그,9640,2,120,1.26,9743.0,-3.3012,216608,2086,96
292050,1,KBSTAR KRX300,14755,5,-160,-1.07,14815.0,9.5885,2911,43,96
415760,4,SOL 차이나육성산업액티브(합성),7360,5,-35,-0.47,7604.0,-4.8875,822,5,96
449680,7,TIGER 한중전기차(합성),9900,2,60,0.61,9890.0,,79530,787,94
225030,4,TIGER 미국S&P500선물인버스(H),4000,5,-10,-0.25,4002.0,-9.7863,49614,198,94
101280,4,KODEX 일본TOPIX100,15440,5,-155,-0.99,15543.0,3.3123,1039,16,93
403790,1,마이다스 KoreaStock액티브,17520,5,-170,-0.96,17620.0,9.2312,18,0,92
375760,2,HANARO 탄소효율그린뉴딜,7660,5,-65,-0.84,7666.0,8.6345,987,7,92
225060,4,TIGER 이머징마켓MSCI레버리지(합성 H),8040,2,55,0.69,7972.0,38.3882,456,3,92
091220,2,TIGER 은행,7555,5,-125,-1.63,7564.0,32.5051,10196,76,91
156080,1,KODEX MSCI Korea,14910,5,-140,-0.93,14940.0,9.0974,192,2,89
445930,4,KOSEF 차이나A50커넥트레버리지MSCI(합성H),11900,2,30,0.25,12145.0,,1306,15,89
331910,2,KOSEF Fn중소형,20255,5,-115,-0.56,20264.0,11.0384,94,1,89
364690,1,KODEX 혁신기술테마액티브,11130,5,-55,-0.49,11159.0,9.1219,127,1,89
100910,1,KOSEF KRX100,4915,5,-35,-0.71,4917.0,9.0068,10286,50,88
446770,2,ACE 글로벌반도체TOP4 Plus SOLACTIVE,10305,2,110,1.08,10304.0,,9241,95,88
413930,2,WOORI AI ESG액티브,7950,5,-85,-1.06,7976.0,7.0619,5,0,87
253230,3,KOSEF 200선물인버스2X,3025,2,50,1.68,3022.0,-18.2693,168816,509,87
145850,2,TREX 펀더멘탈 200,34810,5,-340,-0.97,34785.0,10.5763,8,0,87
444200,2,SOL KEDI메가테크액티브,10870,5,-5,-0.05,10894.0,,5201,56,87
292750,1,ARIRANG KRX300,14490,5,-115,-0.79,14499.0,9.6883,17,0,87
280320,4,ACE 미국IT인터넷S&P(합성 H),10825,5,-25,-0.23,10841.0,5.6475,409,4,87
429010,4,TIGER 미국나스닥넥스트100,10175,2,90,0.89,10191.0,-0.0496,3242,33,86
449690,7,TIGER 한중반도체(합성),10155,3,0,0.0,10213.0,,51,0,86
305050,1,ACE 코스피,24480,5,-200,-0.81,24548.0,9.1069,699,17,86
429760,4,ARIRANG 미국S&P500,9465,2,50,0.53,9450.0,-5.0908,225,2,85
272910,6,ACE 중장기국공채액티브,96790,2,170,0.18,96770.0,4.8337,31,2,85
418670,4,TIGER 글로벌사이버보안INDXX,8145,2,240,3.04,8126.0,-20.0708,6649,53,85
269370,4,TIGER S&P글로벌인프라(합성),12050,2,100,0.84,12070.0,2.9994,673,8,84
440650,6,ACE 미국달러단기채권액티브,9335,2,45,0.48,9318.0,-12.8927,11058,103,84
289670,6,ARIRANG 국채선물10년,52225,2,375,0.72,52191.0,7.1502,2518,130,84
352540,7,KODEX TSE일본리츠(H),11845,2,160,1.37,11899.0,-3.8905,4714,55,83
449780,4,KOSEF 미국S&P500(H),10325,2,30,0.29,10311.0,,1536,15,83
448540,7,ACE 엔비디아채권혼합블룸버그,10165,2,210,2.11,10246.0,,622678,6329,81
346000,6,HANARO KAP초장기국고채,38715,2,780,2.06,38701.0,9.329,1024,39,81
108590,1,TREX 200,32345,5,-255,-0.78,32376.0,9.9345,23,0,81
316300,7,ACE 싱가포르리츠,11550,5,-10,-0.09,11745.0,-1.8676,1121,12,81
104520,2,KOSEF 블루칩,8080,5,-25,-0.31,8077.0,11.0273,87,0,81
153270,1,KOSEF 코스피100,23755,5,-190,-0.79,23750.0,9.5479,114,2,81
450180,7,KODEX 한중전기차(합성),10090,2,20,0.2,10104.0,,14951,150,81
261070,2,TIGER 코스닥150바이오테크,6725,5,-35,-0.52,6740.0,2.8919,10588,71,81
426020,4,TIMEFOLIO 미국S&P500액티브,9375,2,60,0.64,9378.0,-7.5893,252,2,81
337120,2,KODEX Fn멀티팩터,11500,5,-80,-0.69,11510.0,8.1737,2,0,81
395270,2,HANARO Fn K-반도체,7610,5,-40,-0.52,7615.0,4.0816,2101,15,80
131890,2,ACE 삼성그룹동일가중,15955,5,-145,-0.9,16008.0,8.8941,69,1,80
417450,2,KBSTAR 글로벌수소경제Indxx,9330,2,195,2.13,9275.0,2.6404,1555,14,79
426030,4,TIMEFOLIO 미국나스닥100액티브,8990,2,55,0.62,8996.0,-9.1048,234,2,79
304760,1,HANARO KRX300,14285,5,-65,-0.45,14291.0,9.2417,43,0,79
261140,2,TIGER 우선주,10600,5,-65,-0.61,10628.0,7.6728,1428,15,78
448630,7,KBSTAR 삼성그룹Top3채권혼합블룸버그,9805,5,-15,-0.15,9801.0,,690,6,78
285690,2,FOCUS ESG리더스,9795,5,-100,-1.01,9835.0,10.9927,1,0,78
307010,3,KBSTAR KRX300레버리지,11170,5,-205,-1.8,11224.0,18.1818,13,0,78
410870,2,TIMEFOLIO K컬처액티브,6515,2,35,0.54,6535.0,11.3402,70,0,78
449580,7,KBSTAR 미국빅데이터Top3채권혼합iSelect,9720,5,-25,-0.26,9884.0,,34855,338,78
139320,5,TIGER 금은선물(H),9680,5,-40,-0.41,9711.0,14.4876,1839,17,77
424460,4,HANARO 글로벌워터MSCI(합성),9670,2,45,0.47,9668.0,4.054,473,4,77
373790,4,KOSEF 미국방어배당성장나스닥,12845,2,5,0.04,12887.0,-4.5496,1934,24,77
253250,3,KOSEF 200선물레버리지,13170,5,-205,-1.53,13176.0,18.6252,67628,887,76
270800,2,KBSTAR KQ고배당,11735,5,-25,-0.21,11827.0,6.4253,78,0,76
219900,4,ACE 중국본토CSI300레버리지(합성),3610,2,10,0.28,3651.0,-7.8105,2646,9,76
152500,3,ACE 레버리지,5820,5,-90,-1.52,5830.0,18.7939,8489,49,76
447620,7,SOL 미국TOP5채권혼합40 Solactive,9450,3,0,0.0,9503.0,,16973,160,76
143460,2,ACE 밸류대형,8370,5,-80,-0.95,8383.0,10.2413,40,0,75
244670,2,KODEX 밸류Plus,8360,5,-35,-0.42,8396.0,10.7519,11,0,75
402460,2,HANARO Fn K-메타버스MZ,7120,2,25,0.35,7133.0,14.2512,2000,14,75
275290,2,KODEX MSCI밸류,10605,3,0,0.0,10532.0,9.8394,0,0,74
450120,7,KOSEF SK그룹대표주,9880,5,-65,-0.65,9890.0,,1081,10,74
435540,7,히어로즈 TDF2040액티브,9875,2,85,0.87,9895.0,-3.1652,136,1,74
435550,7,히어로즈 TDF2050액티브,9860,2,25,0.25,9907.0,-2.2366,730,7,74
138920,5,KODEX 콩선물(H),14780,2,240,1.65,14879.0,8.7509,771,11,74
438080,7,ACE 미국S&P500채권혼합액티브,9220,2,70,0.77,9223.0,-10.6009,615,5,74
272230,2,ACE 스마트밸류,12210,5,-70,-0.57,12198.0,9.3012,10,0,73
435530,7,히어로즈 TDF2030액티브,9735,2,5,0.05,9788.0,-4.138,21,0,73
416090,4,ACE 중국과창판STAR50,7300,2,80,1.11,7510.0,-2.3005,664,4,73
441330,4,KOSEF 차이나A50커넥트MSCI,9715,2,135,1.41,9761.0,-1.9949,14,0,73
450190,7,KODEX 한중반도체(합성),10345,5,-30,-0.29,10341.0,,444,4,72
433980,7,KODEX TDF2040액티브,10330,2,70,0.68,10339.0,2.7027,171,1,72
183710,7,KBSTAR 주식혼합,36140,5,-365,-1.0,36283.0,8.0221,9,0,72
237440,7,TIGER 경기방어채권혼합,9020,2,10,0.11,9026.0,4.379,623,5,72
447660,7,ARIRANG Apple채권혼합Fn,9615,2,85,0.89,9679.0,,2371,22,72
438100,7,ACE 미국나스닥100채권혼합액티브,9010,2,70,0.78,9017.0,-11.3975,198,1,72
137930,3,마이다스 200커버드콜5%OTM,11920,5,-100,-0.83,11969.0,6.4658,19,0,72
438740,2,마이다스 KoreaStock중소형액티브,19070,2,10,0.05,19187.0,11.0075,18,0,72
411860,4,KOSEF 독일DAX,9500,2,85,0.9,9501.0,15.5214,19266,181,71
333970,2,ARIRANG KS밸류가중TR,14235,5,-145,-1.01,14280.0,8.9806,1123,15,71
289250,2,TIGER MSCI KOREA ESG유니버설,9485,5,-80,-0.84,9505.0,10.3102,5,0,71
407160,2,MASTER 테크미디어텔레콤액티브,7875,5,-20,-0.25,7905.0,9.7289,783,6,71
438900,2,HANARO Fn K-푸드,9450,5,-15,-0.16,9484.0,7.3129,314,2,71
448100,6,WOORI 200,31425,5,-230,-0.73,31482.0,,8130,255,71
423170,4,SOL 한국형글로벌반도체액티브,9035,3,0,0.0,9118.0,9.1183,2484,22,70
433250,1,UNICORN R&D 액티브,10065,5,-85,-0.84,10082.0,8.6723,14,0,70
228820,1,TIGER KTOP30,8235,5,-65,-0.78,8246.0,10.5782,284,2,70
277650,2,TIGER 코스피중형주,13940,5,-50,-0.36,13932.0,12.1442,165,2,70
322130,2,ACE 스마트로우볼,13915,5,-105,-0.75,13935.0,9.0626,11,0,70
192720,2,파워 고배당저변동성,28960,5,-95,-0.33,29061.0,11.1047,85,2,70
322120,2,ACE 스마트퀄리티,13900,5,-105,-0.75,13928.0,7.6066,11,0,70
289480,3,TIGER 200커버드콜ATM,8675,5,-35,-0.4,8690.0,7.3321,5787,50,69
333950,2,ARIRANG KS로우사이즈가중TR,13870,5,-50,-0.36,13873.0,7.9906,209,2,69
226980,1,KODEX 200 중소형,11535,5,-65,-0.56,11567.0,13.6697,2079,24,69
437370,4,KBSTAR 글로벌농업경제MV,9800,2,30,0.31,9918.0,-3.6014,300,2,69
269530,4,ARIRANG S&P글로벌인프라,13715,2,110,0.81,13804.0,2.6018,16402,224,69
437550,7,히어로즈 글로벌리츠이지스액티브,9075,2,215,2.43,9129.0,1.1415,363,3,68
375270,7,KBSTAR 글로벌데이터센터리츠나스닥(합성),10460,2,115,1.11,10425.0,6.2114,33,0,68
448510,4,HANARO 글로벌신재생에너지MSCI(합성),9685,2,135,1.41,9664.0,,145,1,68
306520,3,HANARO 200선물인버스,11285,2,120,1.07,11250.0,-8.5586,1796,20,68
304670,6,KODEX 미국채울트라30년선물인버스(H),9670,5,-110,-1.12,9678.0,-6.9901,8777,84,68
159800,1,마이티 코스피100,24135,3,0,0.0,24054.0,8.4962,0,0,68
205720,4,ACE 일본TOPIX인버스(합성 H),3970,5,-20,-0.5,4005.0,-2.683,1912,7,67
371150,4,KBSTAR 차이나항셍테크,6100,2,40,0.66,6113.0,22.7963,3329,20,67
272220,2,ACE 스마트모멘텀,13405,5,-120,-0.89,13435.0,9.1165,11,0,67
266390,2,KODEX 경기소비재,9560,2,65,0.68,9595.0,7.959,268,2,67
278620,6,ARIRANG 단기채권액티브,107500,3,0,0.0,107487.0,1.4725,0,0,67
267440,6,KBSTAR 미국장기국채선물(H),9490,2,115,1.23,9470.0,4.7486,7130,67,66
391590,4,ACE 미국스팩&IPO INDXX,5535,2,55,1.0,5540.0,-16.0797,279,1,66
307510,2,TIGER 의료기기,13220,2,90,0.69,13237.0,9.1891,383,5,66
319870,7,KBSTAR KRX300미국달러선물혼합,13165,5,-140,-1.05,13200.0,-4.521,4,0,66
432840,4,HANARO 미국S&P500,9390,2,100,1.08,9435.0,-5.3201,47,0,66
428510,4,KODEX 차이나메타버스액티브,10100,2,45,0.45,10182.0,18.2245,966,9,66
445950,4,KOSEF 차이나A50커넥트인버스MSCI(합성 H),8725,5,-65,-0.74,8866.0,,100,0,65
147970,2,TIGER 모멘텀,21625,5,-325,-1.48,21680.0,5.5897,6424,140,65
381570,2,HANARO Fn친환경에너지,8645,5,-100,-1.14,8665.0,5.1081,4785,41,65
256450,4,ARIRANG 심천차이넥스트(합성),10765,5,-50,-0.46,10999.0,-3.9521,6,0,65
429980,7,SOL 한국형글로벌전기차&2차전지액티브,8715,3,0,0.0,8743.0,-4.3359,836,7,64
244620,2,KODEX 모멘텀Plus,9160,5,-25,-0.27,9174.0,1.4356,23,0,64
367740,2,HANARO Fn5G산업,10680,5,-65,-0.6,10763.0,3.8063,101,1,64
234310,2,KBSTAR V&S셀렉트밸류,12810,5,-105,-0.81,12869.0,12.2067,7,0,64
407170,2,MASTER 스마트커머스액티브,7920,2,20,0.25,7939.0,13.4242,325,2,63
447430,2,ACE 차세대가치주액티브,10560,5,-35,-0.33,10557.0,,453,4,63
226380,2,ACE Fn성장소비주도주,6315,2,5,0.08,6339.0,18.0542,1034,6,63
314700,2,HANARO 농업융복합산업,11405,5,-35,-0.31,11406.0,4.666,184,2,63
292770,6,KODEX 국채선물3년인버스,52180,3,0,0.0,52089.0,-1.5008,0,0,63
117690,4,TIGER 차이나항셍25,13800,2,130,0.95,13804.0,10.42,3986,55,62
227830,1,ARIRANG 코스피,24790,5,-200,-0.8,24855.0,9.5716,1156,28,62
140570,2,KBSTAR 수출주,10280,5,-15,-0.15,10280.0,6.7946,102,1,62
379790,4,KBSTAR 유로스탁스50(H),11140,2,95,0.86,11120.0,24.3806,5568,61,61
436180,2,ARIRANG K-유니콘투자기업액티브,10195,2,60,0.59,10191.0,17.3711,19,0,61
251890,1,ACE 코스닥(합성),10085,3,0,0.0,10141.0,3.969,0,0,61
315270,2,TIGER 200커뮤니케이션서비스,18765,2,95,0.51,18773.0,17.4509,3335,62,60
105780,2,KBSTAR 5대그룹주,5990,5,-50,-0.83,5988.0,6.6195,2159,12,60
189400,4,ARIRANG 글로벌MSCI(합성 H),15170,2,10,0.07,15114.0,14.8049,334,5,59
434730,2,HANARO 원자력iSelect,9800,5,-165,-1.66,9823.0,14.8703,5332,52,59
371130,4,ACE 베트남VN30선물블룸버그레버리지(H),9725,2,525,5.71,9693.0,4.6643,8051,77,58
275280,2,KODEX MSCI모멘텀,9705,3,0,0.0,9649.0,4.9756,0,0,58
291620,3,KOSEF 코스닥150선물인버스,9870,5,-45,-0.45,9865.0,-2.651,674,6,58
322150,2,ACE 스마트하이베타,11525,5,-125,-1.07,11555.0,9.1846,11,0,58
429740,7,ARIRANG K리츠Fn,8190,2,50,0.61,8213.0,13.2127,6500,53,57
333980,2,ARIRANG KS퀄리티가중TR,12700,5,-70,-0.55,12735.0,9.2854,791,10,57
166400,3,TIGER 200커버드콜5%OTM,11385,5,-80,-0.7,11395.0,7.0095,7046,80,57
373530,4,ARIRANG 신흥국MSCI인버스(합성 H),10905,5,-15,-0.14,10949.0,-15.0526,1,0,57
394340,4,KOSEF 릭소글로벌디지털경제MSCI,7045,2,85,1.22,7050.0,0.578,6,0,56
176950,6,KODEX 국채선물10년인버스,52065,5,-435,-0.83,52058.0,-5.618,26,1,56
342140,7,ACE 싱가포르리츠채권혼합모닝스타,9300,5,-20,-0.21,9393.0,5.1325,2,0,56
227550,2,TIGER 200 산업재,6180,5,-30,-0.48,6175.0,9.5238,1706,10,56
322410,2,HANARO 고배당,11095,5,-45,-0.4,11106.0,11.9035,496,5,55
290080,3,KBSTAR 200고배당커버드콜ATM,7910,2,15,0.19,7910.0,7.5027,2926,23,55
281990,2,KBSTAR 중소형고배당,11010,5,-70,-0.63,11043.0,11.9191,23,0,55
215620,2,HK S&P코리아로우볼,12195,2,5,0.04,12249.0,10.3666,12,0,55
404650,2,SOL KRX기후변화솔루션,9095,3,0,0.0,9028.0,2.7683,1,0,55
261920,4,ACE 필리핀MSCI(합성),13635,2,215,1.6,13770.0,6.8471,112,1,55
333940,2,ARIRANG KS로우볼가중TR,11885,5,-65,-0.54,11891.0,8.3408,14347,170,53
403990,2,KBSTAR KRX기후변화솔루션,8905,5,-115,-1.27,8951.0,2.7334,4,0,53
299070,6,ACE 국채선물10년인버스,106820,5,-185,-0.17,106097.0,-5.7225,1,0,53
277640,2,TIGER 코스피대형주,11860,5,-90,-0.75,11889.0,8.5771,783,9,53
105010,4,TIGER 라틴35,3805,2,10,0.26,3787.0,-1.7095,983,3,53
140580,2,KBSTAR 우량업종,10655,5,-65,-0.61,10685.0,13.6797,12,0,53
285000,2,KBSTAR 200IT,12615,5,-65,-0.51,12638.0,6.1087,15,0,53
238670,7,ARIRANG 스마트베타Quality채권혼합,10570,5,-10,-0.09,10567.0,5.4309,120,1,53
157500,2,TIGER 증권,3965,3,0,0.0,3979.0,27.6972,7213,28,52
299080,6,ACE 국채선물3년인버스,104620,3,0,0.0,104541.0,-1.6175,0,0,52
391670,1,HK 베스트일레븐액티브,7450,5,-60,-0.8,7477.0,7.5931,124,0,52
429870,7,히어로즈 리츠이지스액티브,7995,2,120,1.52,8016.0,11.7338,1693,13,52
432850,4,HANARO 글로벌백신치료제MSCI,10335,5,-95,-0.91,10491.0,1.0071,14,0,52
426330,4,KOSEF 미국ETF산업STOXX,10290,2,110,1.08,10339.0,5.8212,9037,92,51
301410,3,ARIRANG 코스닥150선물인버스,8565,5,-35,-0.41,8554.0,-2.4391,5946,51,51
139290,2,TIGER 200 경기소비재,14260,5,-105,-0.73,14303.0,5.0841,3353,47,51
373490,2,KODEX K-이노베이션액티브,9330,5,-20,-0.21,9345.0,1.4099,34,0,51
253240,3,KOSEF 200선물인버스,6310,2,50,0.8,6303.0,-8.8792,6670,42,51
402520,1,FOCUS 혁신기업액티브,7295,5,-60,-0.82,7338.0,5.297,1,0,51
253280,2,KBSTAR 헬스케어,10180,5,-75,-0.73,10206.0,3.0653,51,0,51
441540,2,HANARO Fn조선해운,9175,5,-65,-0.7,9205.0,1.2602,4760,43,50
429990,7,SOL 한국형글로벌플랫폼&메타버스액티브,8940,5,-150,-1.65,9135.0,3.7079,66,0,50
427110,2,KBSTAR Fn창업투자회사,6895,2,140,2.07,6907.0,9.3927,20678,143,50
404470,2,HANARO KRX기후변화솔루션,8955,5,-50,-0.56,8960.0,1.9818,41,0,49
243890,2,TIGER 200에너지화학레버리지,10910,5,-150,-1.36,10926.0,8.6977,2495,27,49
291890,4,KODEX MSCI EM선물(H),8165,2,15,0.18,8219.0,18.5454,135,1,49
442550,7,KBSTAR TDF2030액티브,9785,2,10,0.1,9848.0,2.356,5,0,49
333960,2,ARIRANG KS모멘텀가중TR,12170,5,-80,-0.65,12174.0,5.015,5449,66,49
442560,7,KBSTAR TDF2040액티브,9705,2,15,0.15,9766.0,1.7857,69,0,49
284980,2,KBSTAR 200금융,8975,5,-130,-1.43,9005.0,29.6085,1560,13,48
440910,4,WOORI 미국S&P우주항공&디펜스,9690,2,45,0.47,9772.0,5.6986,703,6,48
371870,4,ACE 차이나항셍테크,6040,2,30,0.5,6084.0,22.1544,441,2,48
442570,7,KBSTAR TDF2050액티브,9660,2,65,0.68,9723.0,0.8937,66,0,48
267490,6,KBSTAR 미국장기국채선물레버리지(합성 H),8000,2,180,2.3,8012.0,5.962,13502,106,48
275300,2,KODEX MSCI퀄리티,7970,3,0,0.0,7965.0,8.5831,0,0,48
380340,2,ACE Fn5G플러스,6820,5,-35,-0.51,6843.0,8.0378,288,1,48
307520,2,TIGER 지주회사,9515,5,-40,-0.42,9525.0,7.4198,4339,41,48
295820,1,ARIRANG 200동일가중,9495,5,-40,-0.42,9495.0,13.4443,25,0,47
407300,2,HANARO Fn골프테마,6720,3,0,0.0,6731.0,12.1869,344,2,47
321410,7,KODEX 멀티에셋하이인컴(H),9305,3,0,0.0,9280.0,10.1835,1,0,47
267500,6,KBSTAR 미국장기국채선물인버스2X(합성 H),8425,5,-175,-2.03,8543.0,-9.7587,744,6,46
285010,2,KBSTAR 200중공업,8840,5,-175,-1.94,8858.0,8.0935,1329,11,46
291680,4,KBSTAR 차이나H선물인버스(H),11415,5,-35,-0.31,11418.0,-25.4072,882,10,46
220130,4,SOL 중국본토 중소형 CSI500(합성 H),5070,5,-5,-0.1,5142.0,10.2062,346,1,46
444490,4,WOORI 미국S&P500,9100,2,50,0.55,9208.0,-5.4831,1981,18,46
227560,2,TIGER 200 생활소비재,9100,5,-30,-0.33,9134.0,17.6546,1831,16,44
427120,2,KBSTAR Fn플랫폼테마,7125,2,85,1.21,7152.0,7.2353,34,0,43
292340,3,마이티 200커버드콜ATM레버리지,6975,5,-35,-0.5,6997.0,13.1557,1,0,42
368200,2,KBSTAR Fn K-뉴딜디지털플러스,8285,5,-50,-0.6,8328.0,6.3137,4,0,41
442580,4,ARIRANG 글로벌D램반도체iSelect,10350,5,-75,-0.72,10514.0,3.2178,173,1,41
261060,2,TIGER 코스닥150IT,12130,2,105,0.87,12161.0,4.3836,207,2,41
291630,3,KOSEF 코스닥150선물레버리지,3020,2,25,0.83,3030.0,0.335,6103,18,41
139310,5,TIGER 금속선물(H),6835,2,170,2.55,6859.0,12.5844,1206,8,41
301440,2,ARIRANG 코스피중형주,10235,5,-40,-0.39,10237.0,11.7455,19,0,41
391680,1,HK 하이볼액티브,7345,5,-30,-0.41,7374.0,10.3216,130,0,40
419650,2,ARIRANG 글로벌수소&차세대연료전지MV,7940,2,95,1.21,7932.0,4.3218,771,6,40
244660,2,KODEX 퀄리티Plus,7700,5,-60,-0.77,7722.0,11.2544,13,0,39
267450,6,KBSTAR 미국장기국채선물인버스(H),9465,5,-175,-1.82,9581.0,-5.2115,144,1,38
275750,3,KBSTAR 코스닥150선물인버스,5695,5,-20,-0.35,5687.0,-2.6406,4814,27,37
145670,3,ACE 인버스,6020,2,55,0.92,6011.0,-8.6524,2286,13,36
415920,5,ARIRANG 글로벌희토류전략자원기업MV,8025,2,40,0.5,8175.0,-8.951,171,1,36
098560,2,TIGER 방송통신,7805,2,15,0.19,7811.0,4.4095,3179,24,36
298340,6,ARIRANG 국채선물3년,52625,3,0,0.0,52747.0,2.9541,0,0,36
419170,4,HANARO 미국메타버스iSelect,7850,2,115,1.49,7972.0,-7.2209,591,4,35
280940,5,KODEX 골드선물인버스(H),6860,5,-5,-0.07,6939.0,-12.7146,1209,8,34
334690,5,KBSTAR 팔라듐선물(H),9485,5,-135,-1.4,9528.0,-14.9426,10412,99,33
412560,2,TIGER KRX BBIG K-뉴딜레버리지,3000,5,-5,-0.17,3017.0,14.0417,2522,7,33
306530,3,HANARO 코스닥150선물레버리지,6090,2,45,0.74,6096.0,0.1657,2964,17,30
280920,2,ARIRANG 주도업종,8190,5,-65,-0.79,8189.0,12.6193,235,1,29
287310,2,KBSTAR 200경기소비재,8925,5,-85,-0.94,8955.0,5.4417,5,0,29
442320,4,KBSTAR 글로벌원자력iSelect,9255,5,-105,-1.12,9425.0,3.3112,145,1,28
376250,2,ARIRANG 탄소효율그린뉴딜,7715,5,-55,-0.71,7715.0,8.9761,50,0,27
266550,2,ARIRANG 중형주저변동50,10425,5,-35,-0.33,10428.0,13.5722,15,0,26
309210,2,ARIRANG KRX300헬스케어,8045,5,-15,-0.19,8045.0,1.6393,27,0,23
278420,2,ARIRANG ESG우수기업,8980,2,15,0.17,8988.0,14.9358,37,0,22
334700,5,KBSTAR 팔라듐선물인버스(H),4410,2,20,0.46,4486.0,8.395,117,0,22
287300,2,KBSTAR 200건설,10800,5,-120,-1.1,10798.0,9.9697,230,2,22
433860,7,ARIRANG TDF2040액티브,10070,2,55,0.55,10239.0,3.3006,186,1,21
433880,7,ARIRANG TDF2060액티브,9960,5,-100,-0.99,10130.0,1.925,296,2,21
426410,4,ARIRANG 미국대체투자Top10MV,10370,5,-25,-0.24,10520.0,3.4843,142,1,21
252730,2,KBSTAR 모멘텀로우볼,13695,5,-155,-1.12,13745.0,8.7553,4,0,21
438210,4,ARIRANG 글로벌인공지능산업MV,8200,2,95,1.17,8224.0,-3.6267,1947,15,21
301400,1,ARIRANG 코스닥150,10080,2,35,0.35,10085.0,1.8246,40,0,20
433850,7,ARIRANG TDF2030액티브,10050,3,0,0.0,10279.0,4.145,31,0,20
252720,2,KBSTAR 모멘텀밸류,13340,5,-200,-1.48,13393.0,14.3581,14,0,20
285020,2,KBSTAR 200철강소재,8225,5,-80,-0.96,8259.0,12.4576,690,5,18
433870,7,ARIRANG TDF2050액티브,9945,2,45,0.45,10110.0,1.1235,41,0,18
315480,2,KBSTAR 200커뮤니케이션서비스,11695,2,25,0.21,11737.0,17.2864,112,1,16
287330,2,KBSTAR 200생활소비재,6875,5,-35,-0.51,6906.0,17.517,6243,42,15
284990,2,KBSTAR 200에너지화학,10280,5,-95,-0.92,10272.0,7.0691,460,4,12
287320,2,KBSTAR 200산업재,11150,5,-90,-0.8,11177.0,9.8192,4,0,11
